system:index,END,ESW_SIZE,ID,MWF_SIZE,START,SUFFIX,URL,YEAR,.geo
00000000000000000000,MAY,59196,1050040200,421558,FEB,0000000000-0000000000,gs://kaza_esw_2026/ESW_1050040200_2019_FEB_MAY0000000000-0000000000.tif,2019,"{""type"":""MultiPoint"",""coordinates"":[]}"
00000000000000000001,MAY,29504,1050040200,421558,FEB,0000000000-0000023296,gs://kaza_esw_2026/ESW_1050040200_2019_FEB_MAY0000000000-0000023296.tif,2019,"{""type"":""MultiPoint"",""coordinates"":[]}"
00000000000000000002,MAY,37879,1050040200,421558,FEB,0000023296-0000000000,gs://kaza_esw_2026/ESW_1050040200_2019_FEB_MAY0000023296-0000000000.tif,2019,"{""type"":""MultiPoint"",""coordinates"":[]}"
00000000000000000003,MAY,0,1050040200,421558,FEB,0000023296-0000023296,gs://kaza_esw_2026/ESW_1050040200_2019_FEB_MAY0000023296-0000023296.tif,2019,"{""type"":""MultiPoint"",""coordinates"":[]}"
00000000000000000004,SEP,3885,1050040200,421558,JUL,0000000000-0000000000,gs://kaza_esw_2026/ESW_1050040200_2019_JUL_SEP0000000000-0000000000.tif,2019,"{""type"":""MultiPoint"",""coordinates"":[]}"
00000000000000000005,SEP,8252,1050040200,421558,JUL,0000000000-0000023296,gs://kaza_esw_2026/ESW_1050040200_2019_JUL_SEP0000000000-0000023296.tif,2019,"{""type"":""MultiPoint"",""coordinates"":[]}"
00000000000000000006,SEP,5125,1050040200,421558,JUL,0000023296-0000000000,gs://kaza_esw_2026/ESW_1050040200_2019_JUL_SEP0000023296-0000000000.tif,2019,"{""type"":""MultiPoint"",""coordinates"":[]}"
00000000000000000007,SEP,0,1050040200,421558,JUL,0000023296-0000023296,gs://kaza_esw_2026/ESW_1050040200_2019_JUL_SEP0000023296-0000023296.tif,2019,"{""type"":""MultiPoint"",""coordinates"":[]}"
00000000000000000008,JUL,7611,1050040200,421558,MAY,0000000000-0000000000,gs://kaza_esw_2026/ESW_1050040200_2019_MAY_JUL0000000000-0000000000.tif,2019,"{""type"":""MultiPoint"",""coordinates"":[]}"
00000000000000000009,JUL,15786,1050040200,421558,MAY,0000000000-0000023296,gs://kaza_esw_2026/ESW_1050040200_2019_MAY_JUL0000000000-0000023296.tif,2019,"{""type"":""MultiPoint"",""coordinates"":[]}"
0000000000000000000a,JUL,6466,1050040200,421558,MAY,0000023296-0000000000,gs://kaza_esw_2026/ESW_1050040200_2019_MAY_JUL0000023296-0000000000.tif,2019,"{""type"":""MultiPoint"",""coordinates"":[]}"
0000000000000000000b,JUL,0,1050040200,421558,MAY,0000023296-0000023296,gs://kaza_esw_2026/ESW_1050040200_2019_MAY_JUL0000023296-0000023296.tif,2019,"{""type"":""MultiPoint"",""coordinates"":[]}"
0000000000000000000c,FEB,55625,1050040200,421558,NOV,0000000000-0000000000,gs://kaza_esw_2026/ESW_1050040200_2019_NOV_FEB0000000000-0000000000.tif,2019,"{""type"":""MultiPoint"",""coordinates"":[]}"
0000000000000000000d,FEB,7206,1050040200,421558,NOV,0000000000-0000023296,gs://kaza_esw_2026/ESW_1050040200_2019_NOV_FEB0000000000-0000023296.tif,2019,"{""type"":""MultiPoint"",""coordinates"":[]}"
0000000000000000000e,FEB,23954,1050040200,421558,NOV,0000023296-0000000000,gs://kaza_esw_2026/ESW_1050040200_2019_NOV_FEB0000023296-0000000000.tif,2019,"{""type"":""MultiPoint"",""coordinates"":[]}"
0000000000000000000f,FEB,0,1050040200,421558,NOV,0000023296-0000023296,gs://kaza_esw_2026/ESW_1050040200_2019_NOV_FEB0000023296-0000023296.tif,2019,"{""type"":""MultiPoint"",""coordinates"":[]}"
00000000000000000010,NOV,2008,1050040200,421558,SEP,0000000000-0000000000,gs://kaza_esw_2026/ESW_1050040200_2019_SEP_NOV0000000000-0000000000.tif,2019,"{""type"":""MultiPoint"",""coordinates"":[]}"
00000000000000000011,NOV,3575,1050040200,421558,SEP,0000000000-0000023296,gs://kaza_esw_2026/ESW_1050040200_2019_SEP_NOV0000000000-0000023296.tif,2019,"{""type"":""MultiPoint"",""coordinates"":[]}"
00000000000000000012,NOV,4012,1050040200,421558,SEP,0000023296-0000000000,gs://kaza_esw_2026/ESW_1050040200_2019_SEP_NOV0000023296-0000000000.tif,2019,"{""type"":""MultiPoint"",""coordinates"":[]}"
00000000000000000013,NOV,0,1050040200,421558,SEP,0000023296-0000023296,gs://kaza_esw_2026/ESW_1050040200_2019_SEP_NOV0000023296-0000023296.tif,2019,"{""type"":""MultiPoint"",""coordinates"":[]}"
00000000000000000014,MAY,46804,1050040200,421558,FEB,0000000000-0000000000,gs://kaza_esw_2026/ESW_1050040200_2020_FEB_MAY0000000000-0000000000.tif,2020,"{""type"":""MultiPoint"",""coordinates"":[]}"
00000000000000000015,MAY,21433,1050040200,421558,FEB,0000000000-0000023296,gs://kaza_esw_2026/ESW_1050040200_2020_FEB_MAY0000000000-0000023296.tif,2020,"{""type"":""MultiPoint"",""coordinates"":[]}"
00000000000000000016,MAY,13565,1050040200,421558,FEB,0000023296-0000000000,gs://kaza_esw_2026/ESW_1050040200_2020_FEB_MAY0000023296-0000000000.tif,2020,"{""type"":""MultiPoint"",""coordinates"":[]}"
00000000000000000017,MAY,0,1050040200,421558,FEB,0000023296-0000023296,gs://kaza_esw_2026/ESW_1050040200_2020_FEB_MAY0000023296-0000023296.tif,2020,"{""type"":""MultiPoint"",""coordinates"":[]}"
00000000000000000018,SEP,3138,1050040200,421558,JUL,0000000000-0000000000,gs://kaza_esw_2026/ESW_1050040200_2020_JUL_SEP0000000000-0000000000.tif,2020,"{""type"":""MultiPoint"",""coordinates"":[]}"
00000000000000000019,SEP,7163,1050040200,421558,JUL,0000000000-0000023296,gs://kaza_esw_2026/ESW_1050040200_2020_JUL_SEP0000000000-0000023296.tif,2020,"{""type"":""MultiPoint"",""coordinates"":[]}"
0000000000000000001a,SEP,5023,1050040200,421558,JUL,0000023296-0000000000,gs://kaza_esw_2026/ESW_1050040200_2020_JUL_SEP0000023296-0000000000.tif,2020,"{""type"":""MultiPoint"",""coordinates"":[]}"
0000000000000000001b,SEP,0,1050040200,421558,JUL,0000023296-0000023296,gs://kaza_esw_2026/ESW_1050040200_2020_JUL_SEP0000023296-0000023296.tif,2020,"{""type"":""MultiPoint"",""coordinates"":[]}"
0000000000000000001c,JUL,8659,1050040200,421558,MAY,0000000000-0000000000,gs://kaza_esw_2026/ESW_1050040200_2020_MAY_JUL0000000000-0000000000.tif,2020,"{""type"":""MultiPoint"",""coordinates"":[]}"
0000000000000000001d,JUL,9771,1050040200,421558,MAY,0000000000-0000023296,gs://kaza_esw_2026/ESW_1050040200_2020_MAY_JUL0000000000-0000023296.tif,2020,"{""type"":""MultiPoint"",""coordinates"":[]}"
0000000000000000001e,JUL,4581,1050040200,421558,MAY,0000023296-0000000000,gs://kaza_esw_2026/ESW_1050040200_2020_MAY_JUL0000023296-0000000000.tif,2020,"{""type"":""MultiPoint"",""coordinates"":[]}"
0000000000000000001f,JUL,0,1050040200,421558,MAY,0000023296-0000023296,gs://kaza_esw_2026/ESW_1050040200_2020_MAY_JUL0000023296-0000023296.tif,2020,"{""type"":""MultiPoint"",""coordinates"":[]}"
00000000000000000020,FEB,31833,1050040200,421558,NOV,0000000000-0000000000,gs://kaza_esw_2026/ESW_1050040200_2020_NOV_FEB0000000000-0000000000.tif,2020,"{""type"":""MultiPoint"",""coordinates"":[]}"
00000000000000000021,FEB,7304,1050040200,421558,NOV,0000000000-0000023296,gs://kaza_esw_2026/ESW_1050040200_2020_NOV_FEB0000000000-0000023296.tif,2020,"{""type"":""MultiPoint"",""coordinates"":[]}"
00000000000000000022,FEB,8440,1050040200,421558,NOV,0000023296-0000000000,gs://kaza_esw_2026/ESW_1050040200_2020_NOV_FEB0000023296-0000000000.tif,2020,"{""type"":""MultiPoint"",""coordinates"":[]}"
00000000000000000023,FEB,0,1050040200,421558,NOV,0000023296-0000023296,gs://kaza_esw_2026/ESW_1050040200_2020_NOV_FEB0000023296-0000023296.tif,2020,"{""type"":""MultiPoint"",""coordinates"":[]}"
00000000000000000024,NOV,2518,1050040200,421558,SEP,0000000000-0000000000,gs://kaza_esw_2026/ESW_1050040200_2020_SEP_NOV0000000000-0000000000.tif,2020,"{""type"":""MultiPoint"",""coordinates"":[]}"
00000000000000000025,NOV,2487,1050040200,421558,SEP,0000000000-0000023296,gs://kaza_esw_2026/ESW_1050040200_2020_SEP_NOV0000000000-0000023296.tif,2020,"{""type"":""MultiPoint"",""coordinates"":[]}"
00000000000000000026,NOV,12004,1050040200,421558,SEP,0000023296-0000000000,gs://kaza_esw_2026/ESW_1050040200_2020_SEP_NOV0000023296-0000000000.tif,2020,"{""type"":""MultiPoint"",""coordinates"":[]}"
00000000000000000027,NOV,0,1050040200,421558,SEP,0000023296-0000023296,gs://kaza_esw_2026/ESW_1050040200_2020_SEP_NOV0000023296-0000023296.tif,2020,"{""type"":""MultiPoint"",""coordinates"":[]}"
00000000000000000028,MAY,880794,1050040200,421558,FEB,0000000000-0000000000,gs://kaza_esw_2026/ESW_1050040200_2021_FEB_MAY0000000000-0000000000.tif,2021,"{""type"":""MultiPoint"",""coordinates"":[]}"
00000000000000000029,MAY,70643,1050040200,421558,FEB,0000000000-0000023296,gs://kaza_esw_2026/ESW_1050040200_2021_FEB_MAY0000000000-0000023296.tif,2021,"{""type"":""MultiPoint"",""coordinates"":[]}"
0000000000000000002a,MAY,70974,1050040200,421558,FEB,0000023296-0000000000,gs://kaza_esw_2026/ESW_1050040200_2021_FEB_MAY0000023296-0000000000.tif,2021,"{""type"":""MultiPoint"",""coordinates"":[]}"
0000000000000000002b,MAY,0,1050040200,421558,FEB,0000023296-0000023296,gs://kaza_esw_2026/ESW_1050040200_2021_FEB_MAY0000023296-0000023296.tif,2021,"{""type"":""MultiPoint"",""coordinates"":[]}"
0000000000000000002c,SEP,80226,1050040200,421558,JUL,0000000000-0000000000,gs://kaza_esw_2026/ESW_1050040200_2021_JUL_SEP0000000000-0000000000.tif,2021,"{""type"":""MultiPoint"",""coordinates"":[]}"
0000000000000000002d,SEP,46903,1050040200,421558,JUL,0000000000-0000023296,gs://kaza_esw_2026/ESW_1050040200_2021_JUL_SEP0000000000-0000023296.tif,2021,"{""type"":""MultiPoint"",""coordinates"":[]}"
0000000000000000002e,SEP,7088,1050040200,421558,JUL,0000023296-0000000000,gs://kaza_esw_2026/ESW_1050040200_2021_JUL_SEP0000023296-0000000000.tif,2021,"{""type"":""MultiPoint"",""coordinates"":[]}"
0000000000000000002f,SEP,0,1050040200,421558,JUL,0000023296-0000023296,gs://kaza_esw_2026/ESW_1050040200_2021_JUL_SEP0000023296-0000023296.tif,2021,"{""type"":""MultiPoint"",""coordinates"":[]}"
00000000000000000030,JUL,83911,1050040200,421558,MAY,0000000000-0000000000,gs://kaza_esw_2026/ESW_1050040200_2021_MAY_JUL0000000000-0000000000.tif,2021,"{""type"":""MultiPoint"",""coordinates"":[]}"
00000000000000000031,JUL,10302,1050040200,421558,MAY,0000000000-0000023296,gs://kaza_esw_2026/ESW_1050040200_2021_MAY_JUL0000000000-0000023296.tif,2021,"{""type"":""MultiPoint"",""coordinates"":[]}"
00000000000000000032,JUL,9952,1050040200,421558,MAY,0000023296-0000000000,gs://kaza_esw_2026/ESW_1050040200_2021_MAY_JUL0000023296-0000000000.tif,2021,"{""type"":""MultiPoint"",""coordinates"":[]}"
00000000000000000033,JUL,0,1050040200,421558,MAY,0000023296-0000023296,gs://kaza_esw_2026/ESW_1050040200_2021_MAY_JUL0000023296-0000023296.tif,2021,"{""type"":""MultiPoint"",""coordinates"":[]}"
00000000000000000034,FEB,142555,1050040200,421558,NOV,0000000000-0000000000,gs://kaza_esw_2026/ESW_1050040200_2021_NOV_FEB0000000000-0000000000.tif,2021,"{""type"":""MultiPoint"",""coordinates"":[]}"
00000000000000000035,FEB,9679,1050040200,421558,NOV,0000000000-0000023296,gs://kaza_esw_2026/ESW_1050040200_2021_NOV_FEB0000000000-0000023296.tif,2021,"{""type"":""MultiPoint"",""coordinates"":[]}"
00000000000000000036,FEB,51067,1050040200,421558,NOV,0000023296-0000000000,gs://kaza_esw_2026/ESW_1050040200_2021_NOV_FEB0000023296-0000000000.tif,2021,"{""type"":""MultiPoint"",""coordinates"":[]}"
00000000000000000037,FEB,0,1050040200,421558,NOV,0000023296-0000023296,gs://kaza_esw_2026/ESW_1050040200_2021_NOV_FEB0000023296-0000023296.tif,2021,"{""type"":""MultiPoint"",""coordinates"":[]}"
00000000000000000038,NOV,11432,1050040200,421558,SEP,0000000000-0000000000,gs://kaza_esw_2026/ESW_1050040200_2021_SEP_NOV0000000000-0000000000.tif,2021,"{""type"":""MultiPoint"",""coordinates"":[]}"
00000000000000000039,NOV,30367,1050040200,421558,SEP,0000000000-0000023296,gs://kaza_esw_2026/ESW_1050040200_2021_SEP_NOV0000000000-0000023296.tif,2021,"{""type"":""MultiPoint"",""coordinates"":[]}"
0000000000000000003a,NOV,3182,1050040200,421558,SEP,0000023296-0000000000,gs://kaza_esw_2026/ESW_1050040200_2021_SEP_NOV0000023296-0000000000.tif,2021,"{""type"":""MultiPoint"",""coordinates"":[]}"
0000000000000000003b,NOV,0,1050040200,421558,SEP,0000023296-0000023296,gs://kaza_esw_2026/ESW_1050040200_2021_SEP_NOV0000023296-0000023296.tif,2021,"{""type"":""MultiPoint"",""coordinates"":[]}"
0000000000000000003c,MAY,93065,1050040200,421558,FEB,0000000000-0000000000,gs://kaza_esw_2026/ESW_1050040200_2022_FEB_MAY0000000000-0000000000.tif,2022,"{""type"":""MultiPoint"",""coordinates"":[]}"
0000000000000000003d,MAY,36600,1050040200,421558,FEB,0000000000-0000023296,gs://kaza_esw_2026/ESW_1050040200_2022_FEB_MAY0000000000-0000023296.tif,2022,"{""type"":""MultiPoint"",""coordinates"":[]}"
0000000000000000003e,MAY,25519,1050040200,421558,FEB,0000023296-0000000000,gs://kaza_esw_2026/ESW_1050040200_2022_FEB_MAY0000023296-0000000000.tif,2022,"{""type"":""MultiPoint"",""coordinates"":[]}"
0000000000000000003f,MAY,0,1050040200,421558,FEB,0000023296-0000023296,gs://kaza_esw_2026/ESW_1050040200_2022_FEB_MAY0000023296-0000023296.tif,2022,"{""type"":""MultiPoint"",""coordinates"":[]}"
00000000000000000040,SEP,6499,1050040200,421558,JUL,0000000000-0000000000,gs://kaza_esw_2026/ESW_1050040200_2022_JUL_SEP0000000000-0000000000.tif,2022,"{""type"":""MultiPoint"",""coordinates"":[]}"
00000000000000000041,SEP,20448,1050040200,421558,JUL,0000000000-0000023296,gs://kaza_esw_2026/ESW_1050040200_2022_JUL_SEP0000000000-0000023296.tif,2022,"{""type"":""MultiPoint"",""coordinates"":[]}"
00000000000000000042,SEP,1405,1050040200,421558,JUL,0000023296-0000000000,gs://kaza_esw_2026/ESW_1050040200_2022_JUL_SEP0000023296-0000000000.tif,2022,"{""type"":""MultiPoint"",""coordinates"":[]}"
00000000000000000043,SEP,0,1050040200,421558,JUL,0000023296-0000023296,gs://kaza_esw_2026/ESW_1050040200_2022_JUL_SEP0000023296-0000023296.tif,2022,"{""type"":""MultiPoint"",""coordinates"":[]}"
00000000000000000044,JUL,24954,1050040200,421558,MAY,0000000000-0000000000,gs://kaza_esw_2026/ESW_1050040200_2022_MAY_JUL0000000000-0000000000.tif,2022,"{""type"":""MultiPoint"",""coordinates"":[]}"
00000000000000000045,JUL,34480,1050040200,421558,MAY,0000000000-0000023296,gs://kaza_esw_2026/ESW_1050040200_2022_MAY_JUL0000000000-0000023296.tif,2022,"{""type"":""MultiPoint"",""coordinates"":[]}"
00000000000000000046,JUL,2295,1050040200,421558,MAY,0000023296-0000000000,gs://kaza_esw_2026/ESW_1050040200_2022_MAY_JUL0000023296-0000000000.tif,2022,"{""type"":""MultiPoint"",""coordinates"":[]}"
00000000000000000047,JUL,0,1050040200,421558,MAY,0000023296-0000023296,gs://kaza_esw_2026/ESW_1050040200_2022_MAY_JUL0000023296-0000023296.tif,2022,"{""type"":""MultiPoint"",""coordinates"":[]}"
00000000000000000048,FEB,96533,1050040200,421558,NOV,0000000000-0000000000,gs://kaza_esw_2026/ESW_1050040200_2022_NOV_FEB0000000000-0000000000.tif,2022,"{""type"":""MultiPoint"",""coordinates"":[]}"
00000000000000000049,FEB,31153,1050040200,421558,NOV,0000000000-0000023296,gs://kaza_esw_2026/ESW_1050040200_2022_NOV_FEB0000000000-0000023296.tif,2022,"{""type"":""MultiPoint"",""coordinates"":[]}"
0000000000000000004a,FEB,14866,1050040200,421558,NOV,0000023296-0000000000,gs://kaza_esw_2026/ESW_1050040200_2022_NOV_FEB0000023296-0000000000.tif,2022,"{""type"":""MultiPoint"",""coordinates"":[]}"
0000000000000000004b,FEB,0,1050040200,421558,NOV,0000023296-0000023296,gs://kaza_esw_2026/ESW_1050040200_2022_NOV_FEB0000023296-0000023296.tif,2022,"{""type"":""MultiPoint"",""coordinates"":[]}"
0000000000000000004c,NOV,1739,1050040200,421558,SEP,0000000000-0000000000,gs://kaza_esw_2026/ESW_1050040200_2022_SEP_NOV0000000000-0000000000.tif,2022,"{""type"":""MultiPoint"",""coordinates"":[]}"
0000000000000000004d,NOV,10022,1050040200,421558,SEP,0000000000-0000023296,gs://kaza_esw_2026/ESW_1050040200_2022_SEP_NOV0000000000-0000023296.tif,2022,"{""type"":""MultiPoint"",""coordinates"":[]}"
0000000000000000004e,NOV,688,1050040200,421558,SEP,0000023296-0000000000,gs://kaza_esw_2026/ESW_1050040200_2022_SEP_NOV0000023296-0000000000.tif,2022,"{""type"":""MultiPoint"",""coordinates"":[]}"
0000000000000000004f,NOV,0,1050040200,421558,SEP,0000023296-0000023296,gs://kaza_esw_2026/ESW_1050040200_2022_SEP_NOV0000023296-0000023296.tif,2022,"{""type"":""MultiPoint"",""coordinates"":[]}"
00000000000000000050,MAY,29703,1050040200,421558,FEB,0000000000-0000000000,gs://kaza_esw_2026/ESW_1050040200_2023_FEB_MAY0000000000-0000000000.tif,2023,"{""type"":""MultiPoint"",""coordinates"":[]}"
00000000000000000051,MAY,60702,1050040200,421558,FEB,0000000000-0000023296,gs://kaza_esw_2026/ESW_1050040200_2023_FEB_MAY0000000000-0000023296.tif,2023,"{""type"":""MultiPoint"",""coordinates"":[]}"
00000000000000000052,MAY,22959,1050040200,421558,FEB,0000023296-0000000000,gs://kaza_esw_2026/ESW_1050040200_2023_FEB_MAY0000023296-0000000000.tif,2023,"{""type"":""MultiPoint"",""coordinates"":[]}"
00000000000000000053,MAY,0,1050040200,421558,FEB,0000023296-0000023296,gs://kaza_esw_2026/ESW_1050040200_2023_FEB_MAY0000023296-0000023296.tif,2023,"{""type"":""MultiPoint"",""coordinates"":[]}"
00000000000000000054,SEP,0,1050040200,421558,JUL,0000000000-0000000000,gs://kaza_esw_2026/ESW_1050040200_2023_JUL_SEP0000000000-0000000000.tif,2023,"{""type"":""MultiPoint"",""coordinates"":[]}"
00000000000000000055,SEP,20277,1050040200,421558,JUL,0000000000-0000023296,gs://kaza_esw_2026/ESW_1050040200_2023_JUL_SEP0000000000-0000023296.tif,2023,"{""type"":""MultiPoint"",""coordinates"":[]}"
00000000000000000056,SEP,0,1050040200,421558,JUL,0000023296-0000000000,gs://kaza_esw_2026/ESW_1050040200_2023_JUL_SEP0000023296-0000000000.tif,2023,"{""type"":""MultiPoint"",""coordinates"":[]}"
00000000000000000057,SEP,0,1050040200,421558,JUL,0000023296-0000023296,gs://kaza_esw_2026/ESW_1050040200_2023_JUL_SEP0000023296-0000023296.tif,2023,"{""type"":""MultiPoint"",""coordinates"":[]}"
00000000000000000058,JUL,4233,1050040200,421558,MAY,0000000000-0000000000,gs://kaza_esw_2026/ESW_1050040200_2023_MAY_JUL0000000000-0000000000.tif,2023,"{""type"":""MultiPoint"",""coordinates"":[]}"
00000000000000000059,JUL,70312,1050040200,421558,MAY,0000000000-0000023296,gs://kaza_esw_2026/ESW_1050040200_2023_MAY_JUL0000000000-0000023296.tif,2023,"{""type"":""MultiPoint"",""coordinates"":[]}"
0000000000000000005a,JUL,16964,1050040200,421558,MAY,0000023296-0000000000,gs://kaza_esw_2026/ESW_1050040200_2023_MAY_JUL0000023296-0000000000.tif,2023,"{""type"":""MultiPoint"",""coordinates"":[]}"
0000000000000000005b,JUL,0,1050040200,421558,MAY,0000023296-0000023296,gs://kaza_esw_2026/ESW_1050040200_2023_MAY_JUL0000023296-0000023296.tif,2023,"{""type"":""MultiPoint"",""coordinates"":[]}"
0000000000000000005c,FEB,8293,1050040200,421558,NOV,0000000000-0000000000,gs://kaza_esw_2026/ESW_1050040200_2023_NOV_FEB0000000000-0000000000.tif,2023,"{""type"":""MultiPoint"",""coordinates"":[]}"
0000000000000000005d,FEB,8714,1050040200,421558,NOV,0000000000-0000023296,gs://kaza_esw_2026/ESW_1050040200_2023_NOV_FEB0000000000-0000023296.tif,2023,"{""type"":""MultiPoint"",""coordinates"":[]}"
0000000000000000005e,FEB,22178,1050040200,421558,NOV,0000023296-0000000000,gs://kaza_esw_2026/ESW_1050040200_2023_NOV_FEB0000023296-0000000000.tif,2023,"{""type"":""MultiPoint"",""coordinates"":[]}"
0000000000000000005f,FEB,0,1050040200,421558,NOV,0000023296-0000023296,gs://kaza_esw_2026/ESW_1050040200_2023_NOV_FEB0000023296-0000023296.tif,2023,"{""type"":""MultiPoint"",""coordinates"":[]}"
00000000000000000060,NOV,107,1050040200,421558,SEP,0000000000-0000000000,gs://kaza_esw_2026/ESW_1050040200_2023_SEP_NOV0000000000-0000000000.tif,2023,"{""type"":""MultiPoint"",""coordinates"":[]}"
00000000000000000061,NOV,28025,1050040200,421558,SEP,0000000000-0000023296,gs://kaza_esw_2026/ESW_1050040200_2023_SEP_NOV0000000000-0000023296.tif,2023,"{""type"":""MultiPoint"",""coordinates"":[]}"
00000000000000000062,NOV,7,1050040200,421558,SEP,0000023296-0000000000,gs://kaza_esw_2026/ESW_1050040200_2023_SEP_NOV0000023296-0000000000.tif,2023,"{""type"":""MultiPoint"",""coordinates"":[]}"
00000000000000000063,NOV,0,1050040200,421558,SEP,0000023296-0000023296,gs://kaza_esw_2026/ESW_1050040200_2023_SEP_NOV0000023296-0000023296.tif,2023,"{""type"":""MultiPoint"",""coordinates"":[]}"
00000000000000000064,MAY,52808,1050040200,421558,FEB,,gs://kaza_esw_2026/ESW_1050040200_2024_FEB_MAY.tif,2024,"{""type"":""MultiPoint"",""coordinates"":[]}"
00000000000000000065,SEP,196,1050040200,421558,JUL,0000000000-0000000000,gs://kaza_esw_2026/ESW_1050040200_2024_JUL_SEP0000000000-0000000000.tif,2024,"{""type"":""MultiPoint"",""coordinates"":[]}"
00000000000000000066,SEP,24205,1050040200,421558,JUL,0000000000-0000023296,gs://kaza_esw_2026/ESW_1050040200_2024_JUL_SEP0000000000-0000023296.tif,2024,"{""type"":""MultiPoint"",""coordinates"":[]}"
00000000000000000067,SEP,50,1050040200,421558,JUL,0000023296-0000000000,gs://kaza_esw_2026/ESW_1050040200_2024_JUL_SEP0000023296-0000000000.tif,2024,"{""type"":""MultiPoint"",""coordinates"":[]}"
00000000000000000068,SEP,0,1050040200,421558,JUL,0000023296-0000023296,gs://kaza_esw_2026/ESW_1050040200_2024_JUL_SEP0000023296-0000023296.tif,2024,"{""type"":""MultiPoint"",""coordinates"":[]}"
00000000000000000069,JUL,617,1050040200,421558,MAY,0000000000-0000000000,gs://kaza_esw_2026/ESW_1050040200_2024_MAY_JUL0000000000-0000000000.tif,2024,"{""type"":""MultiPoint"",""coordinates"":[]}"
0000000000000000006a,JUL,30283,1050040200,421558,MAY,0000000000-0000023296,gs://kaza_esw_2026/ESW_1050040200_2024_MAY_JUL0000000000-0000023296.tif,2024,"{""type"":""MultiPoint"",""coordinates"":[]}"
0000000000000000006b,JUL,56,1050040200,421558,MAY,0000023296-0000000000,gs://kaza_esw_2026/ESW_1050040200_2024_MAY_JUL0000023296-0000000000.tif,2024,"{""type"":""MultiPoint"",""coordinates"":[]}"
0000000000000000006c,JUL,0,1050040200,421558,MAY,0000023296-0000023296,gs://kaza_esw_2026/ESW_1050040200_2024_MAY_JUL0000023296-0000023296.tif,2024,"{""type"":""MultiPoint"",""coordinates"":[]}"
0000000000000000006d,FEB,26897,1050040200,421558,NOV,0000000000-0000000000,gs://kaza_esw_2026/ESW_1050040200_2024_NOV_FEB0000000000-0000000000.tif,2024,"{""type"":""MultiPoint"",""coordinates"":[]}"
0000000000000000006e,FEB,19296,1050040200,421558,NOV,0000000000-0000023296,gs://kaza_esw_2026/ESW_1050040200_2024_NOV_FEB0000000000-0000023296.tif,2024,"{""type"":""MultiPoint"",""coordinates"":[]}"
0000000000000000006f,FEB,7268,1050040200,421558,NOV,0000023296-0000000000,gs://kaza_esw_2026/ESW_1050040200_2024_NOV_FEB0000023296-0000000000.tif,2024,"{""type"":""MultiPoint"",""coordinates"":[]}"
00000000000000000070,FEB,0,1050040200,421558,NOV,0000023296-0000023296,gs://kaza_esw_2026/ESW_1050040200_2024_NOV_FEB0000023296-0000023296.tif,2024,"{""type"":""MultiPoint"",""coordinates"":[]}"
00000000000000000071,NOV,21,1050040200,421558,SEP,0000000000-0000000000,gs://kaza_esw_2026/ESW_1050040200_2024_SEP_NOV0000000000-0000000000.tif,2024,"{""type"":""MultiPoint"",""coordinates"":[]}"
00000000000000000072,NOV,13500,1050040200,421558,SEP,0000000000-0000023296,gs://kaza_esw_2026/ESW_1050040200_2024_SEP_NOV0000000000-0000023296.tif,2024,"{""type"":""MultiPoint"",""coordinates"":[]}"
00000000000000000073,NOV,47,1050040200,421558,SEP,0000023296-0000000000,gs://kaza_esw_2026/ESW_1050040200_2024_SEP_NOV0000023296-0000000000.tif,2024,"{""type"":""MultiPoint"",""coordinates"":[]}"
00000000000000000074,NOV,0,1050040200,421558,SEP,0000023296-0000023296,gs://kaza_esw_2026/ESW_1050040200_2024_SEP_NOV0000023296-0000023296.tif,2024,"{""type"":""MultiPoint"",""coordinates"":[]}"
00000000000000000075,MAY,336587,1050040200,421558,FEB,0000000000-0000000000,gs://kaza_esw_2026/ESW_1050040200_2025_FEB_MAY0000000000-0000000000.tif,2025,"{""type"":""MultiPoint"",""coordinates"":[]}"
00000000000000000076,MAY,66270,1050040200,421558,FEB,0000000000-0000023296,gs://kaza_esw_2026/ESW_1050040200_2025_FEB_MAY0000000000-0000023296.tif,2025,"{""type"":""MultiPoint"",""coordinates"":[]}"
00000000000000000077,MAY,98347,1050040200,421558,FEB,0000023296-0000000000,gs://kaza_esw_2026/ESW_1050040200_2025_FEB_MAY0000023296-0000000000.tif,2025,"{""type"":""MultiPoint"",""coordinates"":[]}"
00000000000000000078,MAY,0,1050040200,421558,FEB,0000023296-0000023296,gs://kaza_esw_2026/ESW_1050040200_2025_FEB_MAY0000023296-0000023296.tif,2025,"{""type"":""MultiPoint"",""coordinates"":[]}"
00000000000000000079,SEP,54,1050040200,421558,JUL,0000000000-0000000000,gs://kaza_esw_2026/ESW_1050040200_2025_JUL_SEP0000000000-0000000000.tif,2025,"{""type"":""MultiPoint"",""coordinates"":[]}"
0000000000000000007a,SEP,0,1050040200,421558,JUL,0000000000-0000023296,gs://kaza_esw_2026/ESW_1050040200_2025_JUL_SEP0000000000-0000023296.tif,2025,"{""type"":""MultiPoint"",""coordinates"":[]}"
0000000000000000007b,SEP,10627,1050040200,421558,JUL,0000023296-0000000000,gs://kaza_esw_2026/ESW_1050040200_2025_JUL_SEP0000023296-0000000000.tif,2025,"{""type"":""MultiPoint"",""coordinates"":[]}"
0000000000000000007c,SEP,0,1050040200,421558,JUL,0000023296-0000023296,gs://kaza_esw_2026/ESW_1050040200_2025_JUL_SEP0000023296-0000023296.tif,2025,"{""type"":""MultiPoint"",""coordinates"":[]}"
0000000000000000007d,JUL,16191,1050040200,421558,MAY,0000000000-0000000000,gs://kaza_esw_2026/ESW_1050040200_2025_MAY_JUL0000000000-0000000000.tif,2025,"{""type"":""MultiPoint"",""coordinates"":[]}"
0000000000000000007e,JUL,10038,1050040200,421558,MAY,0000000000-0000023296,gs://kaza_esw_2026/ESW_1050040200_2025_MAY_JUL0000000000-0000023296.tif,2025,"{""type"":""MultiPoint"",""coordinates"":[]}"
0000000000000000007f,JUL,70396,1050040200,421558,MAY,0000023296-0000000000,gs://kaza_esw_2026/ESW_1050040200_2025_MAY_JUL0000023296-0000000000.tif,2025,"{""type"":""MultiPoint"",""coordinates"":[]}"
00000000000000000080,JUL,0,1050040200,421558,MAY,0000023296-0000023296,gs://kaza_esw_2026/ESW_1050040200_2025_MAY_JUL0000023296-0000023296.tif,2025,"{""type"":""MultiPoint"",""coordinates"":[]}"
00000000000000000081,FEB,142873,1050040200,421558,NOV,0000000000-0000000000,gs://kaza_esw_2026/ESW_1050040200_2025_NOV_FEB0000000000-0000000000.tif,2025,"{""type"":""MultiPoint"",""coordinates"":[]}"
00000000000000000082,FEB,6108,1050040200,421558,NOV,0000000000-0000023296,gs://kaza_esw_2026/ESW_1050040200_2025_NOV_FEB0000000000-0000023296.tif,2025,"{""type"":""MultiPoint"",""coordinates"":[]}"
00000000000000000083,FEB,46006,1050040200,421558,NOV,0000023296-0000000000,gs://kaza_esw_2026/ESW_1050040200_2025_NOV_FEB0000023296-0000000000.tif,2025,"{""type"":""MultiPoint"",""coordinates"":[]}"
00000000000000000084,FEB,0,1050040200,421558,NOV,0000023296-0000023296,gs://kaza_esw_2026/ESW_1050040200_2025_NOV_FEB0000023296-0000023296.tif,2025,"{""type"":""MultiPoint"",""coordinates"":[]}"
00000000000000000085,NOV,2871,1050040200,421558,SEP,0000000000-0000000000,gs://kaza_esw_2026/ESW_1050040200_2025_SEP_NOV0000000000-0000000000.tif,2025,"{""type"":""MultiPoint"",""coordinates"":[]}"
00000000000000000086,NOV,17188,1050040200,421558,SEP,0000000000-0000023296,gs://kaza_esw_2026/ESW_1050040200_2025_SEP_NOV0000000000-0000023296.tif,2025,"{""type"":""MultiPoint"",""coordinates"":[]}"
00000000000000000087,NOV,44764,1050040200,421558,SEP,0000023296-0000000000,gs://kaza_esw_2026/ESW_1050040200_2025_SEP_NOV0000023296-0000000000.tif,2025,"{""type"":""MultiPoint"",""coordinates"":[]}"
00000000000000000088,NOV,0,1050040200,421558,SEP,0000023296-0000023296,gs://kaza_esw_2026/ESW_1050040200_2025_SEP_NOV0000023296-0000023296.tif,2025,"{""type"":""MultiPoint"",""coordinates"":[]}"
